{"@class":"Light","id":{"uuid":"05EA49A2-EB34-4A05-B7DD-E0DFA899BBEB"},"lightType":"point","color":{"values":[0.8549019694328308,0.5969329476356506,0.11467155069112778]},"intensity":6.0,"radius":6.0,"coneAngle":45.0,"prenumbra":1.0,"shadowType":"no","shadowSizeX":16.0,"shadowSizeY":16.0,"shadowResolutionX":1024.0,"shadowResolutionY":1024.0,"shadowDarkness":1.0,"shadowBias":0.5}