{"@class":"Light","id":{"uuid":"38F4B716-084F-4890-9CDB-ABEE5982476E"},"lightType":"spot","color":{"values":[0.29411765933036806,0.7843137383460999,0.3963378369808197]},"intensity":0.800000011920929,"radius":23.0,"coneAngle":91.0,"prenumbra":3.0,"shadowType":"no","shadowSizeX":16.0,"shadowSizeY":16.0,"shadowResolutionX":1024.0,"shadowResolutionY":1024.0,"shadowDarkness":1.0,"shadowBias":0.5}