{"@class":"Light","id":{"uuid":"3A62AE43-6246-4A1A-AF40-AC955C6754C7"},"lightType":"spot","color":{"values":[0.40784314274787905,0.6980392336845398,0.6833142638206482]},"intensity":1.0,"radius":25.0,"coneAngle":73.0,"prenumbra":3.0,"shadowType":"pcf","shadowSizeX":16.0,"shadowSizeY":16.0,"shadowResolutionX":1024.0,"shadowResolutionY":1024.0,"shadowDarkness":1.0,"shadowBias":0.5}