{"@class":"AudioSource","id":{"uuid":"98E84DF5-2AD9-4E09-BE6B-1525196A7597"},"volume":1.0,"volumeModulation":1.0,"pitch":1.0,"pitchModulation":1.0,"minDistance":8.34756851196289,"maxDistance":20.557798385620118,"rollof":1,"panOverride":true}