{"@class":"AudioSource","id":{"uuid":"9BF8DAC1-4D0A-49BC-994A-B51454E73569"},"volume":1.0,"volumeModulation":1.0,"pitch":1.0,"pitchModulation":1.0,"minDistance":2.7017335891723635,"maxDistance":9.744988441467286,"rollof":1,"panOverride":true}